{"cameraMode":{"drawMode":0,"name":"Shaded","section":"Shading Mode"},"sceneLighting":false,"audioPlay":false,"sceneViewState":{"showFog":true,"showMaterialUpdate":false,"showSkybox":false,"showFlares":true,"showImageEffects":false,"showParticleSystems":true,"showVisualEffectGraphs":true,"m_FxEnabled":true},"in2DMode":false,"pivot":{"x":0.09662278741598129,"y":0.7917219996452332,"z":0.2752111256122589},"rotation":{"x":-0.0015812413766980172,"y":0.9979962706565857,"z":0.02755141817033291,"w":0.057258933782577518},"size":1.0954725742340088,"orthographic":false}