{"cameraMode":{"drawMode":0,"name":"Shaded","section":"Shading Mode"},"sceneLighting":true,"audioPlay":false,"sceneViewState":{"showFog":true,"showMaterialUpdate":false,"showSkybox":true,"showFlares":true,"showImageEffects":false,"showParticleSystems":true,"showVisualEffectGraphs":true,"m_FxEnabled":true},"in2DMode":false,"pivot":{"x":-10.060925483703614,"y":0.7229597568511963,"z":-3.9684319496154787},"rotation":{"x":0.001277764211408794,"y":0.9986017346382141,"z":-0.04436538368463516,"w":0.028764037415385248},"size":1.0957462787628174,"orthographic":false}