{"cameraMode":{"drawMode":0,"name":"Shaded","section":"Shading Mode"},"sceneLighting":true,"audioPlay":false,"sceneViewState":{"showFog":true,"showMaterialUpdate":false,"showSkybox":true,"showFlares":true,"showImageEffects":false,"showParticleSystems":true,"showVisualEffectGraphs":true,"m_FxEnabled":true},"in2DMode":false,"pivot":{"x":-9.260846138000489,"y":-6.941808223724365,"z":-24.024240493774415},"rotation":{"x":-0.0005303254583850503,"y":0.9805817008018494,"z":-0.19611921906471253,"w":-0.0026510588359087707},"size":13.07005500793457,"orthographic":false}