{"cameraMode":{"drawMode":0,"name":"Shaded","section":"Shading Mode"},"sceneLighting":false,"audioPlay":false,"sceneViewState":{"showFog":true,"showMaterialUpdate":false,"showSkybox":false,"showFlares":true,"showImageEffects":false,"showParticleSystems":true,"showVisualEffectGraphs":true,"m_FxEnabled":true},"in2DMode":false,"pivot":{"x":0.4776993989944458,"y":1.8140358924865723,"z":0.9723873734474182},"rotation":{"x":-0.004714751150459051,"y":0.9934868812561035,"z":-0.04473712295293808,"w":-0.1047012209892273},"size":1.1504464149475098,"orthographic":false}